start_time,end_time,
3.196297,11.736503,
20.623408,25.786356,
42.822903,48.45367,
53.547693,60.197362,
85.937364,90.615823,
110.270112,115.350603,
127.942548,131.443824,
145.130009,150.505354,
167.633773,171.801653,
194.132318,209.846679,
224.472704,227.340546,
232.935018,235.416262,
259.353351,262.063614,
268.278142,272.79313,
350.481063,353.689474,
383.756455,395.15261,
411.873665,415.323535,
420.555996,426.798756,
444.784365,447.440173,
458.696086,473.379643,
501.007433,505.263728,
511.441124,519.70108,
541.611262,544.84358,
551.839537,555.165968,
577.75488,581.564256,
590.152804,599.276178,
620.598323,624.956555,
645.497174,648.97237,
654.132739,661.80692,
681.42303,685.539423,
704.792158,708.562402,
739.787493,747.993952,
764.140623,767.470924,
780.849898,785.62732,
803.218725,809.277483,
826.004671,844.025647,
862.759043,865.345193,
873.423429,884.260498,
994.399582,1001.803975,
1018.036315,1022.153907,
1026.822447,1033.544531,
1061.222999,1065.417847,
1069.720509,1074.469619,
1108.197833,1111.176482,
1122.049309,1130.511297,
1149.324561,1153.343959,
1170.084211,1175.714964,
1183.506498,1194.391672,
1224.50088,1229.077736,
1254.672648,1259.033241,
1297.701484,1323.491118,
1340.362359,1343.656238,
1348.515875,1361.363673,
1386.22724,1391.523508,
1402.874735,1405.800537,
1423.363406,1443.630019,
1468.799787,1471.712656,
1477.913762,1483.193096,
1505.730633,1510.209815,
1528.873264,1531.766147,
1539.679753,1552.546693,
1573.295356,1583.01516,
1602.165395,1610.086306,
1625.617426,1634.732064,
1716.701664,1719.605199,
1729.517579,1734.209016,
1868.417635,1881.470807,
1906.249464,1909.92585,
1917.481149,1922.763114,
1927.562801,1931.427948,
1953.998339,1958.114587,
1979.004289,1983.169185,
1990.649144,1993.672956,
2016.637729,2020.259591,
2027.372474,2033.899108,
2076.029555,2086.284877,
2109.923822,2114.261727,
2130.1972,2135.396123,
2151.841443,2166.925288,
2192.177454,2202.105636,
2224.524622,2231.448107,
2248.004615,2251.156207,
2258.292812,2275.72901,
2294.875708,2303.479858,
2403.046899,2418.069722,
2441.449444,2445.8598,
2470.230536,2475.885605,
2487.189367,2490.205395,
2496.549741,2506.933421,
2531.802252,2536.262212,