start_time,end_time,
5.806313,8.515085,
27.86535,37.578987,
62.965099,75.023727,
91.927505,94.748935,
106.595844,115.091001,
130.894835,137.714275,
157.082767,159.469279,
171.9254,176.025737,
202.841496,218.818901,
246.655724,249.144648,
250.408045,254.971016,
263.113466,266.882776,
280.895421,284.749733,
300.654187,305.285588,
324.07272,331.629767,
358.975147,362.173076,
381.883862,386.851393,
478.553935,484.086378,
502.280588,506.29462,
531.647131,534.809586,
551.178159,554.860711,
569.594669,572.50638,
584.013602,598.294705,
619.410023,628.692947,
648.307786,650.845738,
663.203841,672.401981,
688.285253,695.123197,
711.515542,713.881471,
727.9057,730.623481,
760.247374,763.406219,
770.17977,776.94416,
797.693761,801.033697,
819.266195,835.678679,
858.847389,862.02519,
876.785642,881.863674,