{"train_losses": [1.098583199475941, 1.1015612901302807, 1.0967330751363298, 1.0904159392529762, 1.0896484025737696, 1.071619893723761, 1.0740494679289254, 1.0714000731880902, 1.068243192301856, 1.0736221639733565, 1.075790502174556, 1.0576992226622954, 1.0289531897383126, 1.0097653060628657, 1.0024978044437387, 0.987706132450996, 0.96579386354887, 0.9681890599908884, 0.9534334580452122, 0.94877556959788], "val_losses": [1.150202928405059, 1.1149307818789231, 1.1167794058197422, 1.1461195710458254, 1.1186308703924481, 1.0803651339129399, 1.0813549811902798, 1.0259341566186202, 1.079746701215443, 1.1057730771993335, 1.064435362815857, 1.0676627770850533, 0.9998004044357099, 0.9961051972288835, 0.980739279012931, 1.0011856681422184, 0.9242225916762101, 0.9495361541446886, 0.920140244458851, 0.9319063346636923], "train_accuracies": [0.5199314481576692, 0.5213294160852001, 0.5309389154119232, 0.536523442281797, 0.5378969274084955, 0.5374072713918472, 0.5509829844534214, 0.5368221324519525, 0.5445538009548292, 0.5419121067450117, 0.5432121434692129, 0.5614004162076142, 0.5919745378871343, 0.5985114457093892, 0.6046590769984086, 0.6568221324519525, 0.6738719549516464, 0.6618925205043457, 0.6755245440078345, 0.692863263557351], "val_accuracies": [0.4952994350282486, 0.515909604519774, 0.5616271186440678, 0.48865536723163844, 0.5102824858757062, 0.5262146892655367, 0.48856497175141245, 0.5261468926553672, 0.5099435028248588, 0.4968587570621469, 0.5362259887005649, 0.6301016949152543, 0.5411977401129944, 0.5823954802259887, 0.5680677966101695, 0.7516158192090395, 0.6962033898305084, 0.7407005649717514, 0.7532203389830509, 0.796135593220339], "best_val_accuracy": 0.796135593220339, "best_val_loss": 0.920140244458851}